wave_id,family_id,wave_name,true_acceleration_date,report_ids
authority_impersonation_wave1,authority_impersonation,authority_impersonation wave 1,2026-02-15,syn-000001|syn-000002|syn-000003|syn-000004|syn-000005|syn-000006|syn-000007|syn-000008|syn-000009|syn-000010|syn-000011|syn-000012|syn-000013|syn-000014|syn-000015|syn-000016|syn-000017|syn-000018|syn-000019|syn-000020|syn-000021|syn-000022|syn-000023|syn-000024|syn-000025|syn-000026|syn-000027|syn-000028|syn-000029|syn-000030|syn-000031|syn-000032|syn-000033|syn-000034|syn-000035|syn-000036|syn-000037|syn-000038|syn-000039|syn-000040|syn-000041|syn-000042|syn-000043|syn-000044|syn-000045|syn-000046|syn-000047|syn-000048|syn-000049|syn-000050|syn-000051|syn-000052|syn-000053|syn-000054|syn-000055|syn-000056|syn-000057|syn-000058|syn-000059|syn-000060|syn-000061|syn-000062|syn-000063|syn-000064|syn-000065|syn-000066|syn-000067|syn-000068|syn-000069|syn-000070|syn-000071|syn-000072|syn-000073|syn-000074|syn-000075|syn-000076|syn-000077|syn-000078|syn-000079|syn-000080|syn-000081|syn-000082|syn-000083|syn-000084|syn-000085|syn-000086|syn-000087|syn-000088|syn-000089|syn-000090|syn-000091|syn-000092|syn-000093|syn-000094|syn-000095|syn-000096|syn-000097|syn-000098|syn-000099|syn-000100|syn-000101|syn-000102|syn-000103|syn-000104|syn-000105|syn-000106|syn-000107|syn-000108|syn-000109|syn-000110|syn-000111|syn-000112|syn-000113|syn-000114|syn-000115|syn-000116|syn-000117|syn-000118|syn-000119|syn-000120|syn-000121|syn-000122|syn-000123|syn-000124|syn-000125|syn-000126|syn-000127|syn-000128|syn-000129|syn-000130|syn-000131|syn-000132|syn-000133|syn-000134|syn-000135|syn-000136|syn-000137|syn-000138|syn-000139|syn-000140|syn-000141|syn-000142|syn-000143|syn-000144|syn-000145|syn-000146|syn-000147|syn-000148|syn-000149|syn-000150|syn-000151|syn-000152|syn-000153|syn-000154|syn-000155|syn-000156|syn-000157|syn-000158|syn-000159|syn-000160|syn-000161|syn-000162|syn-000163|syn-000164|syn-000165|syn-000166|syn-000167|syn-000168|syn-000169|syn-000170|syn-000171|syn-000172|syn-000173|syn-000174|syn-000175|syn-000176|syn-000177|syn-000178|syn-000179|syn-000180|syn-000181|syn-000182|syn-000183|syn-000184|syn-000185|syn-000186|syn-001847|syn-001856|syn-001857|syn-001862|syn-001876|syn-001891|syn-001898|syn-001911|syn-001922|syn-001936|syn-001944|syn-001975|syn-001978|syn-001988|syn-001992|syn-001997|syn-002004|syn-002010|syn-002011|syn-002022|syn-002025|syn-002035|syn-002042|syn-002043|syn-002047|syn-002056|syn-002075|syn-002083|syn-002089|syn-002095|syn-002104|syn-002113|syn-002119|syn-002128|syn-002135|syn-002136|syn-002137|syn-002153|syn-002161|syn-002168|syn-002207|syn-002216|syn-002217|syn-002235|syn-002240|syn-002258|syn-002263|syn-002298|syn-002307|syn-002314|syn-002336|syn-002363|syn-002373|syn-002378|syn-002381|syn-002390|syn-002402|syn-002404|syn-002406|syn-002415|syn-002431|syn-002432|syn-002455|syn-002472|syn-002474|syn-002478|syn-002484|syn-002495|syn-002510|syn-002511|syn-002520|syn-002529|syn-002530|syn-002541|syn-002552|syn-002557|syn-002571|syn-002576|syn-002578|syn-002579|syn-002582|syn-002586|syn-002591|syn-002606|syn-002620|syn-002651|syn-002653|syn-002674|syn-002686|syn-002698|syn-002702|syn-002705|syn-002716|syn-002723|syn-002736|syn-002747|syn-002767|syn-002773|syn-002774|syn-002784|syn-002795|syn-002805|syn-002829|syn-002836|syn-002841|syn-002842|syn-002864|syn-002867|syn-002871|syn-002877|syn-002885|syn-002903|syn-002904|syn-002921|syn-002942|syn-002957|syn-002965|syn-002967|syn-002982|syn-002983|syn-002987|syn-002988|syn-003012|syn-003013|syn-003018|syn-003046|syn-003069|syn-003080|syn-003090|syn-003097|syn-003118|syn-003142|syn-003183|syn-003186|syn-003194|syn-003195|syn-003213|syn-003226|syn-003230|syn-003234|syn-003246|syn-003252|syn-003257|syn-003264|syn-003273|syn-003274|syn-003277|syn-003281|syn-003306|syn-003316|syn-003347|syn-003356|syn-003358|syn-003360|syn-003369|syn-003374|syn-003384|syn-003393|syn-003415|syn-003442|syn-003446|syn-003456|syn-003472|syn-003489|syn-003493|syn-003496|syn-003514|syn-003539|syn-003561|syn-003562|syn-003581|syn-003585|syn-003588|syn-003594
authority_impersonation_wave2,authority_impersonation,authority_impersonation wave 2,2026-05-11,syn-000187|syn-000188|syn-000189|syn-000190|syn-000191|syn-000192|syn-000193|syn-000194|syn-000195|syn-000196|syn-000197|syn-000198|syn-000199|syn-000200|syn-000201|syn-000202|syn-000203|syn-000204|syn-000205|syn-000206|syn-000207|syn-000208|syn-000209|syn-000210|syn-000211|syn-000212|syn-000213|syn-000214|syn-000215|syn-000216|syn-000217|syn-000218|syn-000219|syn-000220|syn-000221|syn-000222|syn-000223|syn-000224|syn-000225|syn-000226|syn-000227|syn-000228|syn-000229|syn-000230|syn-000231|syn-000232|syn-000233|syn-000234|syn-000235|syn-000236|syn-000237|syn-000238|syn-000239|syn-000240|syn-000241|syn-000242|syn-000243|syn-000244|syn-000245|syn-000246|syn-000247|syn-000248|syn-000249|syn-000250|syn-000251|syn-000252|syn-000253|syn-000254|syn-000255|syn-000256|syn-000257|syn-000258|syn-000259|syn-000260|syn-000261|syn-000262|syn-000263|syn-000264|syn-000265|syn-000266|syn-000267|syn-000268|syn-000269|syn-000270|syn-000271|syn-000272|syn-000273|syn-000274|syn-000275|syn-000276|syn-000277|syn-000278|syn-000279|syn-000280|syn-000281|syn-000282|syn-000283|syn-000284|syn-000285|syn-000286|syn-000287|syn-000288|syn-000289|syn-000290|syn-000291|syn-000292|syn-000293|syn-000294|syn-000295|syn-000296|syn-000297|syn-000298|syn-000299|syn-000300|syn-000301|syn-000302|syn-000303|syn-000304|syn-000305|syn-000306|syn-000307|syn-000308|syn-000309|syn-000310|syn-000311|syn-000312|syn-000313|syn-000314|syn-000315|syn-000316|syn-000317|syn-000318|syn-000319|syn-000320|syn-000321|syn-000322|syn-000323|syn-000324|syn-000325|syn-000326|syn-000327|syn-000328|syn-000329|syn-000330|syn-000331|syn-000332|syn-000333|syn-000334|syn-000335|syn-000336|syn-000337|syn-000338|syn-000339|syn-000340|syn-000341|syn-000342|syn-000343|syn-000344|syn-000345|syn-000346|syn-000347|syn-000348|syn-000349|syn-000350|syn-000351|syn-000352|syn-000353|syn-000354|syn-000355|syn-000356|syn-000357|syn-000358|syn-000359|syn-000360|syn-000361|syn-000362|syn-000363|syn-000364|syn-000365|syn-000366|syn-000367|syn-000368|syn-000369|syn-000370|syn-000371|syn-000372|syn-000373|syn-000374|syn-000375|syn-000376|syn-000377|syn-000378|syn-000379|syn-000380|syn-000381|syn-000382|syn-000383|syn-000384|syn-000385|syn-000386|syn-000387|syn-000388|syn-000389|syn-000390|syn-000391|syn-000392|syn-000393|syn-000394|syn-000395|syn-000396|syn-000397|syn-000398|syn-000399|syn-000400|syn-000401|syn-000402|syn-000403|syn-000404|syn-000405|syn-000406|syn-001841|syn-001848|syn-001852|syn-001868|syn-001902|syn-001909|syn-001914|syn-001924|syn-001969|syn-001971|syn-001998|syn-002023|syn-002029|syn-002037|syn-002040|syn-002051|syn-002073|syn-002088|syn-002101|syn-002108|syn-002139|syn-002143|syn-002146|syn-002152|syn-002182|syn-002184|syn-002185|syn-002187|syn-002191|syn-002195|syn-002220|syn-002224|syn-002234|syn-002251|syn-002272|syn-002278|syn-002315|syn-002316|syn-002321|syn-002324|syn-002329|syn-002334|syn-002353|syn-002355|syn-002361|syn-002370|syn-002391|syn-002396|syn-002398|syn-002403|syn-002411|syn-002416|syn-002417|syn-002427|syn-002428|syn-002433|syn-002518|syn-002544|syn-002559|syn-002565|syn-002575|syn-002587|syn-002597|syn-002610|syn-002634|syn-002640|syn-002644|syn-002703|syn-002715|syn-002725|syn-002726|syn-002730|syn-002738|syn-002752|syn-002754|syn-002759|syn-002762|syn-002766|syn-002810|syn-002813|syn-002814|syn-002830|syn-002853|syn-002870|syn-002873|syn-002879|syn-002882|syn-002888|syn-002894|syn-002895|syn-002913|syn-002916|syn-002923|syn-002933|syn-002935|syn-002948|syn-002989|syn-002991|syn-003004|syn-003041|syn-003064|syn-003081|syn-003106|syn-003107|syn-003141|syn-003151|syn-003156|syn-003175|syn-003208|syn-003265|syn-003267|syn-003275|syn-003279|syn-003293|syn-003305|syn-003326|syn-003328|syn-003336|syn-003337|syn-003343|syn-003363|syn-003387|syn-003396|syn-003407|syn-003413|syn-003428|syn-003429|syn-003436|syn-003469|syn-003470|syn-003481|syn-003492|syn-003501|syn-003504|syn-003506|syn-003511|syn-003519|syn-003525|syn-003526|syn-003531|syn-003544|syn-003553|syn-003568|syn-003576|syn-003583
refund_inversion_wave1,refund_inversion,refund_inversion wave 1,2026-03-12,syn-000407|syn-000408|syn-000409|syn-000410|syn-000411|syn-000412|syn-000413|syn-000414|syn-000415|syn-000416|syn-000417|syn-000418|syn-000419|syn-000420|syn-000421|syn-000422|syn-000423|syn-000424|syn-000425|syn-000426|syn-000427|syn-000428|syn-000429|syn-000430|syn-000431|syn-000432|syn-000433|syn-000434|syn-000435|syn-000436|syn-000437|syn-000438|syn-000439|syn-000440|syn-000441|syn-000442|syn-000443|syn-000444|syn-000445|syn-000446|syn-000447|syn-000448|syn-000449|syn-000450|syn-000451|syn-000452|syn-000453|syn-000454|syn-000455|syn-000456|syn-000457|syn-000458|syn-000459|syn-000460|syn-000461|syn-000462|syn-000463|syn-000464|syn-000465|syn-000466|syn-000467|syn-000468|syn-000469|syn-000470|syn-000471|syn-000472|syn-000473|syn-000474|syn-000475|syn-000476|syn-000477|syn-000478|syn-000479|syn-000480|syn-000481|syn-000482|syn-000483|syn-000484|syn-000485|syn-000486|syn-000487|syn-000488|syn-000489|syn-000490|syn-000491|syn-000492|syn-000493|syn-000494|syn-000495|syn-000496|syn-000497|syn-000498|syn-000499|syn-000500|syn-000501|syn-000502|syn-001835|syn-001853|syn-001855|syn-001869|syn-001879|syn-001890|syn-001892|syn-001893|syn-001908|syn-001910|syn-001926|syn-001931|syn-001972|syn-001976|syn-001984|syn-002001|syn-002006|syn-002014|syn-002019|syn-002027|syn-002028|syn-002036|syn-002060|syn-002068|syn-002072|syn-002096|syn-002099|syn-002100|syn-002109|syn-002112|syn-002126|syn-002140|syn-002145|syn-002154|syn-002172|syn-002188|syn-002190|syn-002197|syn-002198|syn-002200|syn-002213|syn-002228|syn-002231|syn-002238|syn-002243|syn-002245|syn-002248|syn-002252|syn-002253|syn-002254|syn-002262|syn-002276|syn-002280|syn-002288|syn-002291|syn-002294|syn-002302|syn-002311|syn-002348|syn-002351|syn-002352|syn-002359|syn-002362|syn-002368|syn-002380|syn-002385|syn-002393|syn-002399|syn-002407|syn-002408|syn-002410|syn-002422|syn-002424|syn-002436|syn-002444|syn-002466|syn-002487|syn-002491|syn-002496|syn-002512|syn-002525|syn-002527|syn-002537|syn-002542|syn-002568|syn-002570|syn-002599|syn-002601|syn-002602|syn-002623|syn-002631|syn-002645|syn-002648|syn-002652|syn-002659|syn-002662|syn-002678|syn-002687|syn-002709|syn-002718|syn-002727|syn-002733|syn-002739|syn-002741|syn-002748|syn-002753|syn-002755|syn-002770|syn-002776|syn-002780|syn-002807|syn-002843|syn-002855|syn-002863|syn-002874|syn-002883|syn-002909|syn-002912|syn-002917|syn-002918|syn-002944|syn-002949|syn-002952|syn-002960|syn-002975|syn-002996|syn-002998|syn-003005|syn-003009|syn-003019|syn-003044|syn-003057|syn-003058|syn-003063|syn-003077|syn-003079|syn-003101|syn-003104|syn-003114|syn-003120|syn-003124|syn-003134|syn-003136|syn-003137|syn-003145|syn-003153|syn-003162|syn-003173|syn-003176|syn-003179|syn-003189|syn-003190|syn-003192|syn-003203|syn-003207|syn-003210|syn-003215|syn-003222|syn-003237|syn-003239|syn-003243|syn-003245|syn-003249|syn-003251|syn-003258|syn-003262|syn-003272|syn-003278|syn-003287|syn-003290|syn-003297|syn-003304|syn-003308|syn-003317|syn-003320|syn-003335|syn-003348|syn-003367|syn-003368|syn-003378|syn-003391|syn-003397|syn-003418|syn-003430|syn-003434|syn-003439|syn-003452|syn-003460|syn-003468|syn-003490|syn-003491|syn-003498|syn-003499|syn-003503|syn-003510|syn-003513|syn-003523|syn-003524|syn-003530|syn-003541|syn-003543|syn-003571|syn-003575|syn-003591
refund_inversion_wave2,refund_inversion,refund_inversion wave 2,2026-05-31,syn-000503|syn-000504|syn-000505|syn-000506|syn-000507|syn-000508|syn-000509|syn-000510|syn-000511|syn-000512|syn-000513|syn-000514|syn-000515|syn-000516|syn-000517|syn-000518|syn-000519|syn-000520|syn-000521|syn-000522|syn-000523|syn-000524|syn-000525|syn-000526|syn-000527|syn-000528|syn-000529|syn-000530|syn-000531|syn-000532|syn-000533|syn-000534|syn-000535|syn-000536|syn-000537|syn-000538|syn-000539|syn-000540|syn-000541|syn-000542|syn-000543|syn-000544|syn-000545|syn-000546|syn-000547|syn-000548|syn-000549|syn-000550|syn-000551|syn-000552|syn-000553|syn-000554|syn-000555|syn-000556|syn-000557|syn-000558|syn-000559|syn-000560|syn-000561|syn-000562|syn-000563|syn-000564|syn-000565|syn-000566|syn-000567|syn-000568|syn-000569|syn-000570|syn-000571|syn-000572|syn-000573|syn-000574|syn-000575|syn-000576|syn-000577|syn-000578|syn-000579|syn-000580|syn-000581|syn-000582|syn-000583|syn-000584|syn-000585|syn-000586|syn-000587|syn-000588|syn-000589|syn-000590|syn-000591|syn-000592|syn-000593|syn-000594|syn-000595|syn-000596|syn-000597|syn-000598|syn-000599|syn-000600|syn-000601|syn-000602|syn-000603|syn-000604|syn-000605|syn-000606|syn-000607|syn-000608|syn-000609|syn-000610|syn-000611|syn-000612|syn-000613|syn-000614|syn-000615|syn-000616|syn-000617|syn-000618|syn-000619|syn-000620|syn-000621|syn-000622|syn-000623|syn-001838|syn-001845|syn-001854|syn-001867|syn-001871|syn-001897|syn-001899|syn-001901|syn-001903|syn-001906|syn-001907|syn-001916|syn-001920|syn-001928|syn-001930|syn-001938|syn-001942|syn-001947|syn-001953|syn-001962|syn-001993|syn-002044|syn-002055|syn-002065|syn-002086|syn-002087|syn-002093|syn-002110|syn-002121|syn-002127|syn-002163|syn-002177|syn-002192|syn-002203|syn-002204|syn-002206|syn-002209|syn-002210|syn-002260|syn-002268|syn-002270|syn-002273|syn-002279|syn-002313|syn-002318|syn-002333|syn-002343|syn-002345|syn-002358|syn-002364|syn-002365|syn-002374|syn-002395|syn-002400|syn-002414|syn-002441|syn-002445|syn-002448|syn-002451|syn-002468|syn-002473|syn-002477|syn-002481|syn-002488|syn-002513|syn-002521|syn-002522|syn-002523|syn-002526|syn-002531|syn-002536|syn-002539|syn-002543|syn-002566|syn-002585|syn-002590|syn-002596|syn-002611|syn-002614|syn-002615|syn-002622|syn-002629|syn-002630|syn-002635|syn-002641|syn-002647|syn-002650|syn-002658|syn-002660|syn-002670|syn-002671|syn-002675|syn-002679|syn-002690|syn-002693|syn-002696|syn-002697|syn-002704|syn-002708|syn-002712|syn-002721|syn-002724|syn-002728|syn-002729|syn-002735|syn-002744|syn-002745|syn-002777|syn-002786|syn-002791|syn-002793|syn-002797|syn-002817|syn-002822|syn-002831|syn-002837|syn-002839|syn-002846|syn-002852|syn-002858|syn-002861|syn-002862|syn-002872|syn-002897|syn-002899|syn-002907|syn-002922|syn-002946|syn-002953|syn-002961|syn-002968|syn-002969|syn-002973|syn-002992|syn-002994|syn-002999|syn-003010|syn-003014|syn-003023|syn-003024|syn-003026|syn-003042|syn-003047|syn-003055|syn-003061|syn-003065|syn-003070|syn-003072|syn-003083|syn-003092|syn-003099|syn-003115|syn-003119|syn-003125|syn-003133|syn-003138|syn-003140|syn-003149|syn-003157|syn-003159|syn-003168|syn-003180|syn-003181|syn-003184|syn-003198|syn-003212|syn-003223|syn-003233|syn-003240|syn-003260|syn-003263|syn-003291|syn-003299|syn-003323|syn-003334|syn-003338|syn-003342|syn-003354|syn-003380|syn-003381|syn-003388|syn-003401|syn-003402|syn-003440|syn-003445|syn-003450|syn-003455|syn-003461|syn-003464|syn-003500|syn-003512|syn-003520|syn-003521|syn-003538|syn-003548|syn-003551|syn-003557|syn-003563|syn-003566|syn-003569|syn-003577|syn-003586|syn-003600
digital_arrest_wave1,digital_arrest,digital_arrest wave 1,2026-03-27,syn-000624|syn-000625|syn-000626|syn-000627|syn-000628|syn-000629|syn-000630|syn-000631|syn-000632|syn-000633|syn-000634|syn-000635|syn-000636|syn-000637|syn-000638|syn-000639|syn-000640|syn-000641|syn-000642|syn-000643|syn-000644|syn-000645|syn-000646|syn-000647|syn-000648|syn-000649|syn-000650|syn-000651|syn-000652|syn-000653|syn-000654|syn-000655|syn-000656|syn-000657|syn-000658|syn-000659|syn-000660|syn-000661|syn-000662|syn-000663|syn-000664|syn-000665|syn-000666|syn-000667|syn-000668|syn-000669|syn-000670|syn-000671|syn-000672|syn-000673|syn-000674|syn-000675|syn-000676|syn-000677|syn-000678|syn-000679|syn-000680|syn-000681|syn-000682|syn-000683|syn-000684|syn-000685|syn-000686|syn-000687|syn-000688|syn-000689|syn-000690|syn-000691|syn-000692|syn-000693|syn-000694|syn-000695|syn-000696|syn-000697|syn-000698|syn-000699|syn-000700|syn-000701|syn-000702|syn-000703|syn-000704|syn-000705|syn-000706|syn-000707|syn-000708|syn-000709|syn-000710|syn-000711|syn-000712|syn-000713|syn-000714|syn-000715|syn-000716|syn-000717|syn-000718|syn-000719|syn-000720|syn-000721|syn-000722|syn-000723|syn-000724|syn-000725|syn-000726|syn-000727|syn-000728|syn-000729|syn-000730|syn-000731|syn-000732|syn-000733|syn-000734|syn-000735|syn-000736|syn-000737|syn-000738|syn-000739|syn-000740|syn-000741|syn-000742|syn-000743|syn-000744|syn-000745|syn-000746|syn-000747|syn-000748|syn-000749|syn-000750|syn-000751|syn-000752|syn-000753|syn-000754|syn-000755|syn-000756|syn-000757|syn-000758|syn-000759|syn-000760|syn-000761|syn-000762|syn-000763|syn-000764|syn-000765|syn-000766|syn-000767|syn-000768|syn-000769|syn-000770|syn-000771|syn-000772|syn-000773|syn-000774|syn-000775|syn-000776|syn-000777|syn-000778|syn-000779|syn-000780|syn-000781|syn-000782|syn-000783|syn-000784|syn-000785|syn-000786|syn-000787|syn-000788|syn-000789|syn-000790|syn-000791|syn-000792|syn-000793|syn-000794|syn-000795|syn-000796|syn-000797|syn-000798|syn-000799|syn-000800|syn-000801|syn-000802|syn-000803|syn-000804|syn-000805|syn-000806|syn-000807|syn-000808|syn-000809|syn-000810|syn-000811|syn-000812|syn-000813|syn-000814|syn-000815|syn-000816|syn-000817|syn-000818|syn-000819|syn-000820|syn-000821|syn-000822|syn-000823|syn-000824|syn-000825|syn-000826|syn-000827|syn-000828|syn-000829|syn-000830|syn-000831|syn-000832|syn-000833|syn-000834|syn-000835|syn-000836|syn-000837|syn-000838|syn-000839|syn-000840|syn-000841|syn-000842|syn-000843|syn-000844|syn-000845|syn-000846|syn-000847|syn-000848|syn-000849|syn-001858|syn-001865|syn-001885|syn-001913|syn-001917|syn-001932|syn-001934|syn-001952|syn-001963|syn-001965|syn-001970|syn-001973|syn-001979|syn-001981|syn-001982|syn-001990|syn-001996|syn-002009|syn-002013|syn-002017|syn-002039|syn-002046|syn-002048|syn-002050|syn-002058|syn-002074|syn-002091|syn-002118|syn-002125|syn-002131|syn-002133|syn-002134|syn-002142|syn-002156|syn-002164|syn-002174|syn-002175|syn-002193|syn-002214|syn-002219|syn-002271|syn-002297|syn-002312|syn-002319|syn-002332|syn-002335|syn-002354|syn-002367|syn-002372|syn-002377|syn-002397|syn-002405|syn-002439|syn-002442|syn-002447|syn-002469|syn-002471|syn-002485|syn-002490|syn-002497|syn-002499|syn-002500|syn-002508|syn-002516|syn-002532|syn-002534|syn-002548|syn-002567|syn-002594|syn-002598|syn-002607|syn-002608|syn-002616|syn-002617|syn-002643|syn-002657|syn-002661|syn-002664|syn-002666|syn-002680|syn-002681|syn-002683|syn-002695|syn-002710|syn-002743|syn-002756|syn-002763|syn-002768|syn-002769|syn-002792|syn-002809|syn-002816|syn-002819|syn-002823|syn-002825|syn-002844|syn-002866|syn-002887|syn-002891|syn-002901|syn-002910|syn-002924|syn-002928|syn-002930|syn-002934|syn-002947|syn-002966|syn-002979|syn-002986|syn-003007|syn-003025|syn-003029|syn-003031|syn-003040|syn-003050|syn-003056|syn-003068|syn-003076|syn-003078|syn-003085|syn-003091|syn-003095|syn-003111|syn-003123|syn-003132|syn-003135|syn-003148|syn-003158|syn-003161|syn-003187|syn-003219|syn-003224|syn-003225|syn-003227|syn-003238|syn-003242|syn-003247|syn-003270|syn-003300|syn-003309|syn-003310|syn-003312|syn-003318|syn-003327|syn-003379|syn-003390|syn-003395|syn-003411|syn-003412|syn-003417|syn-003421|syn-003425|syn-003449|syn-003459|syn-003463|syn-003465|syn-003467|syn-003479|syn-003497|syn-003502|syn-003518|syn-003527|syn-003529|syn-003532|syn-003537|syn-003555|syn-003556|syn-003564|syn-003570|syn-003584|syn-003598
digital_arrest_wave2,digital_arrest,digital_arrest wave 2,2026-06-10,syn-000850|syn-000851|syn-000852|syn-000853|syn-000854|syn-000855|syn-000856|syn-000857|syn-000858|syn-000859|syn-000860|syn-000861|syn-000862|syn-000863|syn-000864|syn-000865|syn-000866|syn-000867|syn-000868|syn-000869|syn-000870|syn-000871|syn-000872|syn-000873|syn-000874|syn-000875|syn-000876|syn-000877|syn-000878|syn-000879|syn-000880|syn-000881|syn-000882|syn-000883|syn-000884|syn-000885|syn-000886|syn-000887|syn-000888|syn-000889|syn-000890|syn-000891|syn-000892|syn-000893|syn-000894|syn-000895|syn-000896|syn-000897|syn-000898|syn-000899|syn-000900|syn-000901|syn-000902|syn-000903|syn-000904|syn-000905|syn-000906|syn-000907|syn-000908|syn-000909|syn-000910|syn-000911|syn-000912|syn-000913|syn-000914|syn-000915|syn-000916|syn-000917|syn-000918|syn-000919|syn-000920|syn-000921|syn-000922|syn-000923|syn-000924|syn-000925|syn-000926|syn-000927|syn-000928|syn-000929|syn-000930|syn-000931|syn-000932|syn-000933|syn-000934|syn-000935|syn-000936|syn-000937|syn-000938|syn-000939|syn-000940|syn-000941|syn-000942|syn-000943|syn-000944|syn-000945|syn-000946|syn-000947|syn-000948|syn-000949|syn-000950|syn-000951|syn-000952|syn-000953|syn-000954|syn-000955|syn-000956|syn-000957|syn-000958|syn-000959|syn-000960|syn-000961|syn-000962|syn-000963|syn-000964|syn-000965|syn-000966|syn-000967|syn-000968|syn-000969|syn-000970|syn-000971|syn-000972|syn-000973|syn-000974|syn-000975|syn-000976|syn-000977|syn-000978|syn-000979|syn-000980|syn-000981|syn-000982|syn-000983|syn-000984|syn-000985|syn-000986|syn-000987|syn-000988|syn-000989|syn-000990|syn-000991|syn-000992|syn-000993|syn-000994|syn-000995|syn-000996|syn-000997|syn-000998|syn-000999|syn-001000|syn-001001|syn-001002|syn-001003|syn-001004|syn-001005|syn-001006|syn-001007|syn-001008|syn-001009|syn-001010|syn-001011|syn-001012|syn-001013|syn-001014|syn-001015|syn-001016|syn-001017|syn-001018|syn-001019|syn-001020|syn-001021|syn-001022|syn-001023|syn-001024|syn-001025|syn-001026|syn-001027|syn-001028|syn-001029|syn-001030|syn-001031|syn-001032|syn-001033|syn-001034|syn-001035|syn-001036|syn-001037|syn-001038|syn-001039|syn-001040|syn-001041|syn-001042|syn-001043|syn-001044|syn-001045|syn-001046|syn-001047|syn-001048|syn-001049|syn-001050|syn-001051|syn-001052|syn-001053|syn-001054|syn-001055|syn-001056|syn-001057|syn-001058|syn-001059|syn-001060|syn-001061|syn-001062|syn-001063|syn-001064|syn-001065|syn-001066|syn-001067|syn-001068|syn-001069|syn-001070|syn-001071|syn-001072|syn-001073|syn-001074|syn-001075|syn-001076|syn-001077|syn-001078|syn-001079|syn-001080|syn-001081|syn-001082|syn-001083|syn-001084|syn-001085|syn-001086|syn-001087|syn-001088|syn-001089|syn-001090|syn-001091|syn-001092|syn-001093|syn-001094|syn-001095|syn-001096|syn-001097|syn-001098|syn-001099|syn-001836|syn-001843|syn-001844|syn-001863|syn-001880|syn-001883|syn-001889|syn-001896|syn-001912|syn-001919|syn-001923|syn-001943|syn-001945|syn-001951|syn-001958|syn-001961|syn-001964|syn-001966|syn-001968|syn-001974|syn-001986|syn-002005|syn-002015|syn-002041|syn-002045|syn-002062|syn-002070|syn-002078|syn-002106|syn-002107|syn-002122|syn-002132|syn-002147|syn-002148|syn-002160|syn-002171|syn-002179|syn-002189|syn-002194|syn-002218|syn-002226|syn-002227|syn-002269|syn-002281|syn-002284|syn-002293|syn-002296|syn-002301|syn-002303|syn-002304|syn-002317|syn-002325|syn-002350|syn-002384|syn-002409|syn-002412|syn-002425|syn-002426|syn-002429|syn-002430|syn-002434|syn-002437|syn-002449|syn-002450|syn-002457|syn-002459|syn-002462|syn-002467|syn-002479|syn-002480|syn-002489|syn-002502|syn-002504|syn-002506|syn-002515|syn-002528|syn-002556|syn-002558|syn-002564|syn-002588|syn-002592|syn-002600|syn-002609|syn-002613|syn-002619|syn-002628|syn-002639|syn-002642|syn-002663|syn-002677|syn-002684|syn-002689|syn-002694|syn-002699|syn-002706|syn-002714|syn-002740|syn-002750|syn-002771|syn-002772|syn-002789|syn-002812|syn-002815|syn-002818|syn-002821|syn-002828|syn-002833|syn-002838|syn-002840|syn-002849|syn-002851|syn-002854|syn-002857|syn-002893|syn-002906|syn-002914|syn-002920|syn-002931|syn-002938|syn-002939|syn-002955|syn-002971|syn-002972|syn-002980|syn-002984|syn-002997|syn-003002|syn-003011|syn-003016|syn-003020|syn-003028|syn-003034|syn-003035|syn-003036|syn-003038|syn-003059|syn-003062|syn-003089|syn-003122|syn-003126|syn-003144|syn-003146|syn-003147|syn-003155|syn-003166|syn-003169|syn-003170|syn-003188|syn-003197|syn-003204|syn-003209|syn-003235|syn-003236|syn-003250|syn-003282|syn-003288|syn-003292|syn-003296|syn-003301|syn-003303|syn-003331|syn-003352|syn-003359|syn-003364|syn-003370|syn-003371|syn-003372|syn-003377|syn-003406|syn-003422|syn-003424|syn-003431|syn-003438|syn-003441|syn-003443|syn-003444|syn-003480|syn-003482|syn-003484|syn-003487|syn-003494|syn-003495|syn-003536|syn-003552|syn-003560|syn-003567|syn-003590
digital_arrest_wave3,digital_arrest,digital_arrest wave 3,2026-07-15,syn-001100|syn-001101|syn-001102|syn-001103|syn-001104|syn-001105|syn-001106|syn-001107|syn-001108|syn-001109|syn-001110|syn-001111|syn-001112|syn-001113|syn-001114|syn-001115|syn-001116|syn-001117|syn-001118|syn-001119|syn-001120|syn-001121|syn-001122|syn-001123|syn-001124|syn-001125|syn-001126|syn-001127|syn-001128|syn-001129|syn-001130|syn-001131|syn-001132|syn-001133|syn-001134|syn-001135|syn-001136|syn-001137|syn-001138|syn-001139|syn-001140|syn-001141|syn-001142|syn-001143|syn-001144|syn-001145|syn-001146|syn-001147|syn-001148|syn-001149|syn-001150|syn-001151|syn-001152|syn-001153|syn-001154|syn-001155|syn-001156|syn-001157|syn-001158|syn-001159|syn-001160|syn-001161|syn-001162|syn-001163|syn-001164|syn-001165|syn-001166|syn-001167|syn-001168|syn-001169|syn-001170|syn-001171|syn-001172|syn-001173|syn-001174|syn-001175|syn-001176|syn-001177|syn-001178|syn-001179|syn-001180|syn-001181|syn-001182|syn-001183|syn-001184|syn-001185|syn-001186|syn-001187|syn-001188|syn-001189|syn-001190|syn-001191|syn-001192|syn-001193|syn-001194|syn-001195|syn-001196|syn-001197|syn-001198|syn-001199|syn-001200|syn-001201|syn-001202|syn-001203|syn-001204|syn-001205|syn-001206|syn-001207|syn-001208|syn-001209|syn-001210|syn-001211|syn-001212|syn-001213|syn-001214|syn-001215|syn-001216|syn-001217|syn-001218|syn-001219|syn-001220|syn-001221|syn-001222|syn-001223|syn-001224|syn-001225|syn-001226|syn-001227|syn-001228|syn-001229|syn-001230|syn-001231|syn-001232|syn-001860|syn-001870|syn-001873|syn-001878|syn-001888|syn-001915|syn-001935|syn-001937|syn-001977|syn-001989|syn-001999|syn-002000|syn-002016|syn-002021|syn-002030|syn-002053|syn-002054|syn-002059|syn-002061|syn-002080|syn-002085|syn-002097|syn-002102|syn-002120|syn-002129|syn-002150|syn-002159|syn-002165|syn-002178|syn-002181|syn-002186|syn-002199|syn-002205|syn-002211|syn-002223|syn-002230|syn-002233|syn-002239|syn-002250|syn-002266|syn-002274|syn-002277|syn-002289|syn-002308|syn-002309|syn-002323|syn-002338|syn-002339|syn-002341|syn-002342|syn-002347|syn-002369|syn-002371|syn-002387|syn-002392|syn-002413|syn-002418|syn-002440|syn-002443|syn-002452|syn-002458|syn-002461|syn-002463|syn-002483|syn-002486|syn-002493|syn-002501|syn-002507|syn-002549|syn-002560|syn-002561|syn-002562|syn-002563|syn-002581|syn-002589|syn-002636|syn-002649|syn-002669|syn-002673|syn-002701|syn-002749|syn-002757|syn-002760|syn-002764|syn-002779|syn-002782|syn-002785|syn-002787|syn-002790|syn-002799|syn-002806|syn-002824|syn-002826|syn-002848|syn-002884|syn-002886|syn-002889|syn-002900|syn-002908|syn-002915|syn-002919|syn-002926|syn-002929|syn-002936|syn-002945|syn-002950|syn-002951|syn-002956|syn-002962|syn-002964|syn-002970|syn-002978|syn-003017|syn-003032|syn-003053|syn-003066|syn-003071|syn-003074|syn-003087|syn-003093|syn-003094|syn-003100|syn-003102|syn-003103|syn-003108|syn-003109|syn-003117|syn-003121|syn-003129|syn-003154|syn-003164|syn-003185|syn-003196|syn-003205|syn-003211|syn-003220|syn-003229|syn-003241|syn-003269|syn-003271|syn-003302|syn-003313|syn-003314|syn-003322|syn-003324|syn-003333|syn-003357|syn-003394|syn-003404|syn-003408|syn-003420|syn-003437|syn-003448|syn-003451|syn-003466|syn-003474|syn-003505|syn-003509|syn-003515|syn-003522|syn-003535|syn-003540|syn-003542|syn-003589|syn-003596
investment_deepfake_wave1,investment_deepfake,investment_deepfake wave 1,2026-02-10,syn-001233|syn-001234|syn-001235|syn-001236|syn-001237|syn-001238|syn-001239|syn-001240|syn-001241|syn-001242|syn-001243|syn-001244|syn-001245|syn-001246|syn-001247|syn-001248|syn-001249|syn-001250|syn-001251|syn-001252|syn-001253|syn-001254|syn-001255|syn-001256|syn-001257|syn-001258|syn-001259|syn-001260|syn-001261|syn-001262|syn-001263|syn-001264|syn-001265|syn-001266|syn-001267|syn-001268|syn-001269|syn-001270|syn-001271|syn-001272|syn-001273|syn-001274|syn-001275|syn-001276|syn-001277|syn-001278|syn-001279|syn-001280|syn-001281|syn-001282|syn-001283|syn-001284|syn-001285|syn-001286|syn-001287|syn-001288|syn-001289|syn-001290|syn-001291|syn-001292|syn-001293|syn-001294|syn-001295|syn-001296|syn-001297|syn-001298|syn-001299|syn-001300|syn-001301|syn-001302|syn-001303|syn-001304|syn-001305|syn-001306|syn-001307|syn-001308|syn-001309|syn-001310|syn-001311|syn-001312|syn-001313|syn-001314|syn-001315|syn-001316|syn-001317|syn-001318|syn-001319|syn-001320|syn-001321|syn-001322|syn-001323|syn-001324|syn-001325|syn-001326|syn-001327|syn-001328|syn-001329|syn-001330|syn-001331|syn-001332|syn-001333|syn-001334|syn-001335|syn-001336|syn-001337|syn-001338|syn-001339|syn-001340|syn-001341|syn-001342|syn-001343|syn-001344|syn-001345|syn-001346|syn-001347|syn-001348|syn-001349|syn-001350|syn-001351|syn-001352|syn-001353|syn-001354|syn-001355|syn-001356|syn-001357|syn-001358|syn-001359|syn-001360|syn-001361|syn-001362|syn-001363|syn-001364|syn-001365|syn-001366|syn-001367|syn-001368|syn-001369|syn-001370|syn-001371|syn-001372|syn-001373|syn-001374|syn-001375|syn-001376|syn-001377|syn-001378|syn-001379|syn-001380|syn-001381|syn-001382|syn-001383|syn-001384|syn-001385|syn-001386|syn-001387|syn-001388|syn-001389|syn-001390|syn-001391|syn-001392|syn-001393|syn-001394|syn-001395|syn-001396|syn-001397|syn-001837|syn-001839|syn-001859|syn-001864|syn-001882|syn-001884|syn-001887|syn-001900|syn-001904|syn-001905|syn-001918|syn-001921|syn-001933|syn-001941|syn-001950|syn-001957|syn-001959|syn-001960|syn-001967|syn-001987|syn-002007|syn-002012|syn-002020|syn-002024|syn-002032|syn-002033|syn-002057|syn-002063|syn-002064|syn-002076|syn-002079|syn-002098|syn-002103|syn-002130|syn-002138|syn-002141|syn-002157|syn-002167|syn-002170|syn-002196|syn-002202|syn-002215|syn-002221|syn-002225|syn-002242|syn-002244|syn-002261|syn-002264|syn-002267|syn-002283|syn-002286|syn-002287|syn-002292|syn-002306|syn-002326|syn-002328|syn-002349|syn-002356|syn-002376|syn-002382|syn-002386|syn-002394|syn-002420|syn-002421|syn-002423|syn-002438|syn-002456|syn-002494|syn-002498|syn-002503|syn-002514|syn-002519|syn-002524|syn-002540|syn-002545|syn-002546|syn-002547|syn-002553|syn-002554|syn-002569|syn-002574|syn-002577|syn-002584|syn-002612|syn-002624|syn-002626|syn-002627|syn-002656|syn-002667|syn-002682|syn-002711|syn-002717|syn-002719|syn-002720|syn-002731|syn-002737|syn-002746|syn-002751|syn-002781|syn-002783|syn-002800|syn-002801|syn-002803|syn-002811|syn-002850|syn-002859|syn-002860|syn-002865|syn-002875|syn-002881|syn-002890|syn-002892|syn-002898|syn-002925|syn-002940|syn-002963|syn-002974|syn-002977|syn-002981|syn-002985|syn-003027|syn-003084|syn-003110|syn-003113|syn-003127|syn-003128|syn-003139|syn-003150|syn-003165|syn-003167|syn-003178|syn-003214|syn-003217|syn-003218|syn-003244|syn-003248|syn-003254|syn-003256|syn-003268|syn-003276|syn-003286|syn-003298|syn-003307|syn-003311|syn-003319|syn-003321|syn-003330|syn-003353|syn-003355|syn-003362|syn-003373|syn-003375|syn-003383|syn-003389|syn-003403|syn-003409|syn-003414|syn-003423|syn-003426|syn-003427|syn-003432|syn-003447|syn-003462|syn-003471|syn-003478|syn-003508|syn-003516|syn-003547|syn-003550|syn-003554|syn-003565|syn-003578|syn-003582|syn-003592|syn-003593|syn-003595|syn-003597|syn-003599
investment_deepfake_wave2,investment_deepfake,investment_deepfake wave 2,2026-04-21,syn-001398|syn-001399|syn-001400|syn-001401|syn-001402|syn-001403|syn-001404|syn-001405|syn-001406|syn-001407|syn-001408|syn-001409|syn-001410|syn-001411|syn-001412|syn-001413|syn-001414|syn-001415|syn-001416|syn-001417|syn-001418|syn-001419|syn-001420|syn-001421|syn-001422|syn-001423|syn-001424|syn-001425|syn-001426|syn-001427|syn-001428|syn-001429|syn-001430|syn-001431|syn-001432|syn-001433|syn-001434|syn-001435|syn-001436|syn-001437|syn-001438|syn-001439|syn-001440|syn-001441|syn-001442|syn-001443|syn-001444|syn-001445|syn-001446|syn-001447|syn-001448|syn-001449|syn-001450|syn-001451|syn-001452|syn-001453|syn-001454|syn-001455|syn-001456|syn-001457|syn-001458|syn-001459|syn-001460|syn-001461|syn-001462|syn-001463|syn-001464|syn-001465|syn-001466|syn-001467|syn-001468|syn-001469|syn-001470|syn-001471|syn-001472|syn-001473|syn-001474|syn-001475|syn-001476|syn-001477|syn-001478|syn-001479|syn-001480|syn-001481|syn-001482|syn-001483|syn-001484|syn-001485|syn-001486|syn-001487|syn-001488|syn-001489|syn-001490|syn-001491|syn-001492|syn-001493|syn-001494|syn-001495|syn-001496|syn-001497|syn-001498|syn-001499|syn-001500|syn-001501|syn-001502|syn-001503|syn-001504|syn-001505|syn-001506|syn-001507|syn-001508|syn-001509|syn-001510|syn-001511|syn-001512|syn-001513|syn-001514|syn-001515|syn-001516|syn-001517|syn-001518|syn-001519|syn-001520|syn-001521|syn-001522|syn-001523|syn-001524|syn-001525|syn-001526|syn-001527|syn-001528|syn-001529|syn-001530|syn-001531|syn-001532|syn-001533|syn-001534|syn-001535|syn-001536|syn-001537|syn-001538|syn-001539|syn-001540|syn-001541|syn-001542|syn-001543|syn-001544|syn-001545|syn-001546|syn-001547|syn-001548|syn-001549|syn-001550|syn-001551|syn-001552|syn-001553|syn-001554|syn-001555|syn-001556|syn-001557|syn-001558|syn-001559|syn-001560|syn-001561|syn-001562|syn-001563|syn-001564|syn-001565|syn-001566|syn-001567|syn-001568|syn-001569|syn-001570|syn-001571|syn-001572|syn-001573|syn-001574|syn-001575|syn-001576|syn-001577|syn-001578|syn-001579|syn-001580|syn-001581|syn-001582|syn-001583|syn-001584|syn-001585|syn-001586|syn-001587|syn-001588|syn-001589|syn-001590|syn-001591|syn-001592|syn-001593|syn-001594|syn-001595|syn-001596|syn-001597|syn-001598|syn-001599|syn-001600|syn-001601|syn-001602|syn-001603|syn-001604|syn-001605|syn-001606|syn-001607|syn-001608|syn-001609|syn-001610|syn-001611|syn-001612|syn-001613|syn-001614|syn-001615|syn-001616|syn-001617|syn-001618|syn-001619|syn-001620|syn-001621|syn-001622|syn-001623|syn-001624|syn-001625|syn-001626|syn-001627|syn-001628|syn-001629|syn-001630|syn-001631|syn-001632|syn-001633|syn-001634|syn-001635|syn-001636|syn-001840|syn-001846|syn-001851|syn-001861|syn-001866|syn-001872|syn-001874|syn-001881|syn-001886|syn-001925|syn-001929|syn-001946|syn-001948|syn-001949|syn-001954|syn-001985|syn-001994|syn-002002|syn-002008|syn-002018|syn-002026|syn-002031|syn-002049|syn-002067|syn-002069|syn-002071|syn-002084|syn-002092|syn-002111|syn-002114|syn-002115|syn-002116|syn-002117|syn-002123|syn-002149|syn-002151|syn-002155|syn-002158|syn-002173|syn-002180|syn-002201|syn-002208|syn-002229|syn-002232|syn-002236|syn-002247|syn-002249|syn-002256|syn-002290|syn-002300|syn-002305|syn-002330|syn-002331|syn-002357|syn-002375|syn-002379|syn-002389|syn-002401|syn-002435|syn-002446|syn-002453|syn-002460|syn-002505|syn-002509|syn-002517|syn-002533|syn-002535|syn-002538|syn-002551|syn-002593|syn-002595|syn-002605|syn-002618|syn-002621|syn-002625|syn-002633|syn-002637|syn-002646|syn-002654|syn-002655|syn-002672|syn-002685|syn-002691|syn-002692|syn-002732|syn-002765|syn-002775|syn-002798|syn-002802|syn-002827|syn-002832|syn-002834|syn-002835|syn-002847|syn-002856|syn-002868|syn-002869|syn-002876|syn-002878|syn-002896|syn-002927|syn-002937|syn-002954|syn-002958|syn-003006|syn-003015|syn-003021|syn-003030|syn-003037|syn-003049|syn-003051|syn-003060|syn-003086|syn-003088|syn-003096|syn-003098|syn-003105|syn-003112|syn-003143|syn-003152|syn-003160|syn-003163|syn-003171|syn-003182|syn-003201|syn-003202|syn-003206|syn-003228|syn-003231|syn-003253|syn-003255|syn-003261|syn-003283|syn-003284|syn-003289|syn-003325|syn-003332|syn-003340|syn-003345|syn-003346|syn-003351|syn-003361|syn-003365|syn-003376|syn-003382|syn-003392|syn-003398|syn-003399|syn-003400|syn-003410|syn-003416|syn-003453|syn-003454|syn-003476|syn-003477|syn-003483|syn-003485|syn-003486|syn-003488|syn-003517|syn-003533|syn-003534|syn-003545|syn-003546|syn-003558|syn-003559|syn-003573|syn-003574|syn-003579
investment_deepfake_wave3,investment_deepfake,investment_deepfake wave 3,2026-06-25,syn-001637|syn-001638|syn-001639|syn-001640|syn-001641|syn-001642|syn-001643|syn-001644|syn-001645|syn-001646|syn-001647|syn-001648|syn-001649|syn-001650|syn-001651|syn-001652|syn-001653|syn-001654|syn-001655|syn-001656|syn-001657|syn-001658|syn-001659|syn-001660|syn-001661|syn-001662|syn-001663|syn-001664|syn-001665|syn-001666|syn-001667|syn-001668|syn-001669|syn-001670|syn-001671|syn-001672|syn-001673|syn-001674|syn-001675|syn-001676|syn-001677|syn-001678|syn-001679|syn-001680|syn-001681|syn-001682|syn-001683|syn-001684|syn-001685|syn-001686|syn-001687|syn-001688|syn-001689|syn-001690|syn-001691|syn-001692|syn-001693|syn-001694|syn-001695|syn-001696|syn-001697|syn-001698|syn-001699|syn-001700|syn-001701|syn-001702|syn-001703|syn-001704|syn-001705|syn-001706|syn-001707|syn-001708|syn-001709|syn-001710|syn-001711|syn-001712|syn-001713|syn-001714|syn-001715|syn-001716|syn-001717|syn-001718|syn-001719|syn-001720|syn-001721|syn-001722|syn-001723|syn-001724|syn-001725|syn-001726|syn-001727|syn-001728|syn-001729|syn-001730|syn-001731|syn-001732|syn-001733|syn-001734|syn-001735|syn-001736|syn-001737|syn-001738|syn-001739|syn-001740|syn-001741|syn-001742|syn-001743|syn-001744|syn-001745|syn-001746|syn-001747|syn-001748|syn-001749|syn-001750|syn-001751|syn-001752|syn-001753|syn-001754|syn-001755|syn-001756|syn-001757|syn-001758|syn-001759|syn-001760|syn-001761|syn-001762|syn-001763|syn-001764|syn-001765|syn-001766|syn-001767|syn-001768|syn-001769|syn-001770|syn-001771|syn-001772|syn-001773|syn-001774|syn-001775|syn-001776|syn-001777|syn-001778|syn-001779|syn-001780|syn-001781|syn-001782|syn-001783|syn-001784|syn-001785|syn-001786|syn-001787|syn-001788|syn-001789|syn-001790|syn-001791|syn-001792|syn-001793|syn-001794|syn-001795|syn-001796|syn-001797|syn-001798|syn-001799|syn-001800|syn-001801|syn-001802|syn-001803|syn-001804|syn-001805|syn-001806|syn-001807|syn-001808|syn-001809|syn-001810|syn-001811|syn-001812|syn-001813|syn-001814|syn-001815|syn-001816|syn-001817|syn-001818|syn-001819|syn-001820|syn-001821|syn-001822|syn-001823|syn-001824|syn-001825|syn-001826|syn-001827|syn-001828|syn-001829|syn-001830|syn-001831|syn-001832|syn-001833|syn-001834|syn-001842|syn-001849|syn-001850|syn-001875|syn-001877|syn-001894|syn-001895|syn-001927|syn-001939|syn-001940|syn-001955|syn-001956|syn-001980|syn-001983|syn-001991|syn-001995|syn-002003|syn-002034|syn-002038|syn-002052|syn-002066|syn-002077|syn-002081|syn-002082|syn-002090|syn-002094|syn-002105|syn-002124|syn-002144|syn-002162|syn-002166|syn-002169|syn-002176|syn-002183|syn-002212|syn-002222|syn-002237|syn-002241|syn-002246|syn-002255|syn-002257|syn-002259|syn-002265|syn-002275|syn-002282|syn-002285|syn-002295|syn-002299|syn-002310|syn-002320|syn-002322|syn-002327|syn-002337|syn-002340|syn-002344|syn-002346|syn-002360|syn-002366|syn-002383|syn-002388|syn-002419|syn-002454|syn-002464|syn-002465|syn-002470|syn-002475|syn-002476|syn-002482|syn-002492|syn-002550|syn-002555|syn-002572|syn-002573|syn-002580|syn-002583|syn-002603|syn-002604|syn-002632|syn-002638|syn-002665|syn-002668|syn-002676|syn-002688|syn-002700|syn-002707|syn-002713|syn-002722|syn-002734|syn-002742|syn-002758|syn-002761|syn-002778|syn-002788|syn-002794|syn-002796|syn-002804|syn-002808|syn-002820|syn-002845|syn-002880|syn-002902|syn-002905|syn-002911|syn-002932|syn-002941|syn-002943|syn-002959|syn-002976|syn-002990|syn-002993|syn-002995|syn-003000|syn-003001|syn-003003|syn-003008|syn-003022|syn-003033|syn-003039|syn-003043|syn-003045|syn-003048|syn-003052|syn-003054|syn-003067|syn-003073|syn-003075|syn-003082|syn-003116|syn-003130|syn-003131|syn-003172|syn-003174|syn-003177|syn-003191|syn-003193|syn-003199|syn-003200|syn-003216|syn-003221|syn-003232|syn-003259|syn-003266|syn-003280|syn-003285|syn-003294|syn-003295|syn-003315|syn-003329|syn-003339|syn-003341|syn-003344|syn-003349|syn-003350|syn-003366|syn-003385|syn-003386|syn-003405|syn-003419|syn-003433|syn-003435|syn-003457|syn-003458|syn-003473|syn-003475|syn-003507|syn-003528|syn-003549|syn-003572|syn-003580|syn-003587
